id,title,link,url_path_prefix,url_host_name,url_host_registered_domain,url_surtkey
12,Fundacion Cajasol,https://fundacioncajasol.com/,/,fundacioncajasol.com,fundacioncajasol.com,"com,fundacioncajasol)/"
13,Asamblea Nacional del Ecuador,http://www.confirmado.net/,/,www.confirmado.net,confirmado.net,"net,confirmado)/"
14,el periodico de Tlaxcala,https://elperiodicodetlaxcala.com/,/,elperiodicodetlaxcala.com,elperiodicodetlaxcala.com,"com,elperiodicodetlaxcala)/"
15,mispeces,https://www.mispeces.com/,/,www.mispeces.com,mispeces.com,"com,mispeces)/"
16,DiarioVasco,https://www.diariovasco.com/,/,www.diariovasco.com,diariovasco.com,"com,diariovasco)/"
17,pambianconews,https://www.pambianconews.com/,/,www.pambianconews.com,pambianconews.com,"com,pambianconews)/"
18,Diario El Venezolano,http://elvenezolanonews.com/,/,elvenezolanonews.com,elvenezolanonews.com,"com,elvenezolanonews)/"
19,Diario de Ibiza,https://www.diariodeibiza.es/,/,www.diariodeibiza.es,diariodeibiza.es,"es,diariodeibiza)/"
20,Clarín - Argentina,http://www.clarin.com/,/,www.clarin.com,clarin.com,"com,clarin)/"
21,"El Periódico de Aragón. Noticias de Aragón, Zaragoza, Huesca y Teruel.",https://www.elperiodicodearagon.com/,/,www.elperiodicodearagon.com,elperiodicodearagon.com,"com,elperiodicodearagon)/"
22,club influencers,https://www.clubinfluencers.com/,/,www.clubinfluencers.com,clubinfluencers.com,"com,clubinfluencers)/"
23,elc onfidencial digital,https://www.elconfidencialdigital.com/,/,www.elconfidencialdigital.com,elconfidencialdigital.com,"com,elconfidencialdigital)/"
24,tiempo,http://www.tiempo.com.mx/,/,www.tiempo.com.mx,tiempo.com.mx,"mx,com,tiempo)/"
25,kitco mining news,https://www.kitco.com/mining/,/mining/,www.kitco.com,kitco.com,"com,kitco)/mining"
26,portada de la web del ministerio de cultura y deporte,http://www.culturaydeporte.gob.es,,www.culturaydeporte.gob.es,culturaydeporte.gob.es,"es,gob,culturaydeporte)/"
27,gestores de residuos,https://gestoresderesiduos.org/,/,gestoresderesiduos.org,gestoresderesiduos.org,"org,gestoresderesiduos)/"
28,fayerwayer,http://www.fayerwayer.com/,/,www.fayerwayer.com,fayerwayer.com,"com,fayerwayer)/"
29,agricultura,http://www.revistaagricultura.com/portada,/portada,www.revistaagricultura.com,revistaagricultura.com,"com,revistaagricultura)/portada"
30,radiocable,http://www.radiocable.com/,/,www.radiocable.com,radiocable.com,"com,radiocable)/"
31,la jornada,http://www.lajornadanet.com/,/,www.lajornadanet.com,lajornadanet.com,"com,lajornadanet)/"
32,periódico el expresso de puerto rico,http://www.elexpresso.com/,/,www.elexpresso.com,elexpresso.com,"com,elexpresso)/"
33,pld,https://prd.org.do/,/,prd.org.do,prd.org.do,"do,org,prd)/"
34,los andes,https://www.losandes.com.ar/,/,www.losandes.com.ar,losandes.com.ar,"ar,com,losandes)/"
35,tiempo,https://www.tiempo.com/,/,www.tiempo.com,tiempo.com,"com,tiempo)/"
36,el morrocotudo,http://www.elmorrocotudo.cl/,/,www.elmorrocotudo.cl,elmorrocotudo.cl,"cl,elmorrocotudo)/"
37,tv perú canal 7,http://www.tvperu.gob.pe/informa,/informa,www.tvperu.gob.pe,tvperu.gob.pe,"pe,gob,tvperu)/informa"
38,energia-imdea,https://www.energia.imdea.org/,/,www.energia.imdea.org,imdea.org,"org,imdea,energia)/"
39,urgente24,https://www.urgente24.com/,/,www.urgente24.com,urgente24.com,"com,urgente24)/"
40,corte electoral,https://www.corteelectoral.gub.uy/,/,www.corteelectoral.gub.uy,corteelectoral.gub.uy,"uy,gub,corteelectoral)/"
41,observatorio de la política china,https://politica-china.org/,/,politica-china.org,politica-china.org,"org,politica-china)/"
42,icefi - instituto centroamericano de estudios fiscales,http://icefi.org/,/,icefi.org,icefi.org,"org,icefi)/"
43,baja california sur - gobierno del estado,http://www.bcs.gob.mx/,/,www.bcs.gob.mx,bcs.gob.mx,"mx,gob,bcs)/"
44,ladiaria,https://ladiaria.com.uy/,/,ladiaria.com.uy,ladiaria.com.uy,"uy,com,ladiaria)/"
45,cepal,http://www.lacuarta.com/,/,www.lacuarta.com,lacuarta.com,"com,lacuarta)/"
46,uno santafe,https://www.unosantafe.com.ar/,/,www.unosantafe.com.ar,unosantafe.com.ar,"ar,com,unosantafe)/"
47,banco central del ecuador,http://www.bce.fin.ec/,/,www.bce.fin.ec,bce.fin.ec,"ec,fin,bce)/"
48,banco central de bolivia,http://www.bcb.gob.bo/,/,www.bcb.gob.bo,bcb.gob.bo,"bo,gob,bcb)/"
49,"diario de toluca, estado de méxico",http://diarioportal.com/,/,diarioportal.com,diarioportal.com,"com,diarioportal)/"
50,gva-es,https://www.gva.es/,/,www.gva.es,gva.es,"es,gva)/"
51,noroeste,https://www.noroeste.com.mx/,/,www.noroeste.com.mx,noroeste.com.mx,"mx,com,noroeste)/"
52,el mundo de cordoba,http://www.elmundodecordoba.com/,/,www.elmundodecordoba.com,elmundodecordoba.com,"com,elmundodecordoba)/"
53,diario expreso de guayaquil,https://www.expreso.ec/,/,www.expreso.ec,expreso.ec,"ec,expreso)/"
54,sonora,http://www.sonora.com.gt/,/,www.sonora.com.gt,sonora.com.gt,"gt,com,sonora)/"
55,libertad digital,http://www.libertaddigital.es/,/,www.libertaddigital.es,libertaddigital.es,"es,libertaddigital)/"
56,el universo,https://www.eluniverso.com/,/,www.eluniverso.com,eluniverso.com,"com,eluniverso)/"
57,prensa presidencial,http://www.minci.gob.ve/,/,www.minci.gob.ve,minci.gob.ve,"ve,gob,minci)/"
58,levante-emv,https://www.levante-emv.com/,/,www.levante-emv.com,levante-emv.com,"com,levante-emv)/"
59,minam,http://www.minam.gob.pe/,/,www.minam.gob.pe,minam.gob.pe,"pe,gob,minam)/"
60,economia3,https://economia3.com/,/,economia3.com,economia3.com,"com,economia3)/"
61,la nacion - chile,http://lanacion.cl/,/,lanacion.cl,lanacion.cl,"cl,lanacion)/"
62,la pagina,https://www.lapagina.com.sv/,/,www.lapagina.com.sv,lapagina.com.sv,"sv,com,lapagina)/"
63,la nacion (argentina),http://www.lanacion.com.ar/,/,www.lanacion.com.ar,lanacion.com.ar,"ar,com,lanacion)/"
64,cosave,http://www.cosave.org/,/,www.cosave.org,cosave.org,"org,cosave)/"
65,el nuevo herald,https://www.elnuevoherald.com/,/,www.elnuevoherald.com,elnuevoherald.com,"com,elnuevoherald)/"
66,diario el expreso,https://www.diarioelexpreso.com.ve/,/,www.diarioelexpreso.com.ve,diarioelexpreso.com.ve,"ve,com,diarioelexpreso)/"
67,elpais - costa rica,http://www.elpais.cr/,/,www.elpais.cr,elpais.cr,"cr,elpais)/"
68,"ciemat - centro de investigaciones energéticas, medioambientales y tecnológicas",http://www.ciemat.es/,/,www.ciemat.es,ciemat.es,"es,ciemat)/"
69,el orbe,https://elorbe.com/,/,elorbe.com,elorbe.com,"com,elorbe)/"
70,cuba encuentro,http://www.cubaencuentro.com/,/,www.cubaencuentro.com,cubaencuentro.com,"com,cubaencuentro)/"
71,radio televisión española,http://www.rtve.es/,/,www.rtve.es,rtve.es,"es,rtve)/"
72,elcano royal insitute (real istituto elcano),http://www.realinstitutoelcano.org/,/,www.realinstitutoelcano.org,realinstitutoelcano.org,"org,realinstitutoelcano)/"
73,notihua tul copuerto escondido,https://notihuatulcopuertoescondido.com/,/,notihuatulcopuertoescondido.com,notihuatulcopuertoescondido.com,"com,notihuatulcopuertoescondido)/"
74,rpc tv,http://www.rpctv.com/,/,www.rpctv.com,rpctv.com,"com,rpctv)/"
75,ministerio de educación,https://educacion.gob.ec/,/,educacion.gob.ec,educacion.gob.ec,"ec,gob,educacion)/"
76,repretel,https://www.repretel.com/,/,www.repretel.com,repretel.com,"com,repretel)/"
77,elmon,https://elmon.cat/monplaneta/,/monplaneta/,elmon.cat,elmon.cat,"cat,elmon)/monplaneta"
78,listín diario digital,http://www.listindiario.com/,/,www.listindiario.com,listindiario.com,"com,listindiario)/"
79,la opinión de murcia,http://www.laopiniondemurcia.es/,/,www.laopiniondemurcia.es,laopiniondemurcia.es,"es,laopiniondemurcia)/"
80,lawyerpress,http://lawyerpress.com/,/,lawyerpress.com,lawyerpress.com,"com,lawyerpress)/"
81,diario el cordillerano,http://www.elcordillerano.com.ar/,/,www.elcordillerano.com.ar,elcordillerano.com.ar,"ar,com,elcordillerano)/"
82,pro y contra,http://proycontra.com.pe/,/,proycontra.com.pe,proycontra.com.pe,"pe,com,proycontra)/"
83,vietnamplus (spanish),http://es.vietnamplus.vn/,/,es.vietnamplus.vn,vietnamplus.vn,"vn,vietnamplus,es)/"
84,centro de documentacion e informacion bolivia,https://cedib.org/,/,cedib.org,cedib.org,"org,cedib)/"
85,sarriguren web,https://sarrigurenweb.com/,/,sarrigurenweb.com,sarrigurenweb.com,"com,sarrigurenweb)/"
86,motorpasion,https://www.motorpasion.com/,/,www.motorpasion.com,motorpasion.com,"com,motorpasion)/"
87,noticias de la ciencia,https://noticiasdelaciencia.com/,/,noticiasdelaciencia.com,noticiasdelaciencia.com,"com,noticiasdelaciencia)/"
88,aplatanaonews - todo está en el contenido!,https://aplatanaonews.com/,/,aplatanaonews.com,aplatanaonews.com,"com,aplatanaonews)/"
89,subrayado hd,http://www.subrayado.com.uy,,www.subrayado.com.uy,subrayado.com.uy,"uy,com,subrayado)/"
90,peru',http://peru.com/,/,peru.com,peru.com,"com,peru)/"
91,diario26,http://www.diario26.com,,www.diario26.com,diario26.com,"com,diario26)/"
92,diario de navarra,http://www.diariodenavarra.es/,/,www.diariodenavarra.es,diariodenavarra.es,"es,diariodenavarra)/"
93,canal antigua,https://canalantigua.tv/,/,canalantigua.tv,canalantigua.tv,"tv,canalantigua)/"
95,el mañana - tamaulipas,http://www.elmanana.com/,/,www.elmanana.com,elmanana.com,"com,elmanana)/"
96,abc digital - paraguay,http://www.abc.com.py/,/,www.abc.com.py,abc.com.py,"py,com,abc)/"
97,ielektro,https://ielektro.es/,/,ielektro.es,ielektro.es,"es,ielektro)/"
98,vtv uruguay,http://www.vtv.com.uy/,/,www.vtv.com.uy,vtv.com.uy,"uy,com,vtv)/"
99,periódico correo,http://www.periodicocorreo.com.mx/,/,www.periodicocorreo.com.mx,periodicocorreo.com.mx,"mx,com,periodicocorreo)/"
100,aporrea,http://www.aporrea.org/,/,www.aporrea.org,aporrea.org,"org,aporrea)/"
101,ahora,http://www.ahora.cu/,/,www.ahora.cu,ahora.cu,"cu,ahora)/"
102,el ojo digital,http://www.elojodigital.com/,/,www.elojodigital.com,elojodigital.com,"com,elojodigital)/"
103,el mostrador,http://www.elmostrador.cl/,/,www.elmostrador.cl,elmostrador.cl,"cl,elmostrador)/"
104,food and agriculture organization of the united nations (spanish),http://www.fao.org/home/es/,/home/es/,www.fao.org,fao.org,"org,fao)/home/es"
105,arpa emc -  spanish,https://arpaemc.com/noticias/,/noticias/,arpaemc.com,arpaemc.com,"com,arpaemc)/noticias"
106,maldita,https://maldita.es/,/,maldita.es,maldita.es,"es,maldita)/"
107,puerto canarias,https://puertocanarias.com/index.php/es,/index.php/es,puertocanarias.com,puertocanarias.com,"com,puertocanarias)/index.php/es"
108,planv,https://www.planv.com.ec/,/,www.planv.com.ec,planv.com.ec,"ec,com,planv)/"
109,diario del alto aragon,https://www.diariodelaltoaragon.es/,/,www.diariodelaltoaragon.es,diariodelaltoaragon.es,"es,diariodelaltoaragon)/"
110,onemi: ministerio del interior y seguridad pública,http://www.onemi.cl/,/,www.onemi.cl,onemi.cl,"cl,onemi)/"
111,cinco de septiembre,http://www.5septiembre.cu/,/,www.5septiembre.cu,5septiembre.cu,"cu,5septiembre)/"
112,maillotmag,https://www.maillotmag.com/,/,www.maillotmag.com,maillotmag.com,"com,maillotmag)/"
113,abc.es - sevilla - andalucía,http://www.abc.es/,/,www.abc.es,abc.es,"es,abc)/"
114,observatorio de violencia,https://observatoriodeviolencia.org.ve/,/,observatoriodeviolencia.org.ve,observatoriodeviolencia.org.ve,"ve,org,observatoriodeviolencia)/"
115,24ora,https://espanol.24ora.com/,/,espanol.24ora.com,24ora.com,"com,24ora,espanol)/"
116,la tribuna,http://www.latribuna.hn/,/,www.latribuna.hn,latribuna.hn,"hn,latribuna)/"
117,radio corporación,https://radio-corporacion.com/,/,radio-corporacion.com,radio-corporacion.com,"com,radio-corporacion)/"
118,el heraldo,http://www.elheraldo.hn/,/,www.elheraldo.hn,elheraldo.hn,"hn,elheraldo)/"
119,horapunta,https://www.horapunta.com/tecnopunta,/tecnopunta,www.horapunta.com,horapunta.com,"com,horapunta)/tecnopunta"
120,guate vision,http://www.guatevision.com/envivo/,/envivo/,www.guatevision.com,guatevision.com,"com,guatevision)/envivo"
121,upi -spanish,https://espanol.upi.com/,/,espanol.upi.com,upi.com,"com,upi,espanol)/"
122,el diario de lujan,http://www.diariodelujan.com/,/,www.diariodelujan.com,diariodelujan.com,"com,diariodelujan)/"
123,espacioteca,https://espacioteca.com/,/,espacioteca.com,espacioteca.com,"com,espacioteca)/"
124,quedate a ver,https://www.vtv.gob.ve/,/,www.vtv.gob.ve,vtv.gob.ve,"ve,gob,vtv)/"
125,"las noticias de tu localidad, comarca, barrio",https://www.noticiasde.es/,/,www.noticiasde.es,noticiasde.es,"es,noticiasde)/"
126,canarias7,https://www.canarias7.es/,/,www.canarias7.es,canarias7.es,"es,canarias7)/"
127,ezanime,https://www.ezanime.net/,/,www.ezanime.net,ezanime.net,"net,ezanime)/"
128,noticias,http://noticias.perfil.com/,/,noticias.perfil.com,perfil.com,"com,perfil,noticias)/"
129,global vision consulting ltd. - spanish,https://gvconsulting.com/,/,gvconsulting.com,gvconsulting.com,"com,gvconsulting)/"
130,andalucia informacion,https://www.elperiodicomediterraneo.com/,/,www.elperiodicomediterraneo.com,elperiodicomediterraneo.com,"com,elperiodicomediterraneo)/"
131,vanguardia de sevilla,http://www.vanguardiadesevilla.com/,/,www.vanguardiadesevilla.com,vanguardiadesevilla.com,"com,vanguardiadesevilla)/"
132,iresiduo,https://iresiduo.com/,/,iresiduo.com,iresiduo.com,"com,iresiduo)/"
133,ntn24,http://ntn24.com/,/,ntn24.com,ntn24.com,"com,ntn24)/"
134,el correo del orinoco,https://www.elcorreodelorinoco.com/,/,www.elcorreodelorinoco.com,elcorreodelorinoco.com,"com,elcorreodelorinoco)/"
135,noticias ambientales,https://noticiasambientales.com/,/,noticiasambientales.com,noticiasambientales.com,"com,noticiasambientales)/"
136,"valencia plaza - noticias, información y opinión sobre la sociedad, economía, cultura y deportes de la comunitat valenciana -  valencia plaza",https://valenciaplaza.com/,/,valenciaplaza.com,valenciaplaza.com,"com,valenciaplaza)/"
137,el medico interactivo,https://elmedicointeractivo.com/,/,elmedicointeractivo.com,elmedicointeractivo.com,"com,elmedicointeractivo)/"
138,tdworld,https://www.tdworld.com/,/,www.tdworld.com,tdworld.com,"com,tdworld)/"
139,energy news,https://www.energynews.es/,/,www.energynews.es,energynews.es,"es,energynews)/"
140,television nacional chilena,http://www.tvn.cl/,/,www.tvn.cl,tvn.cl,"cl,tvn)/"
141,barriga verde,http://www.barrigaverde.net/,/,www.barrigaverde.net,barrigaverde.net,"net,barrigaverde)/"
142,corresponsables,http://www.corresponsables.com/,/,www.corresponsables.com,corresponsables.com,"com,corresponsables)/"
143,riesed,http://www.riesed.org/,/,www.riesed.org,riesed.org,"org,riesed)/"
144,diario abierto,https://www.diarioabierto.es/,/,www.diarioabierto.es,diarioabierto.es,"es,diarioabierto)/"
145,primicias digital,http://www.primicias.com.do/,/,www.primicias.com.do,primicias.com.do,"do,com,primicias)/"
146,perfil,http://www.perfil.com/,/,www.perfil.com,perfil.com,"com,perfil)/"
147,tribunal supremo electoral,http://tse.oep.org.bo/,/,tse.oep.org.bo,oep.org.bo,"bo,org,oep,tse)/"
148,diario occidente,http://www.occidente.co/,/,www.occidente.co,occidente.co,"co,occidente)/"
149,imer - instituto mexicano de la radio,http://www.imer.mx/,/,www.imer.mx,imer.mx,"mx,imer)/"
150,guardia civil,http://www.guardiacivil.es,,www.guardiacivil.es,guardiacivil.es,"es,guardiacivil)/"
151,infolibre,http://www.infolibre.es/,/,www.infolibre.es,infolibre.es,"es,infolibre)/"
152,presidencia de la república oriental del uruguay,https://www.presidencia.gub.uy/,/,www.presidencia.gub.uy,presidencia.gub.uy,"uy,gub,presidencia)/"
153,financial food,https://financialfood.es/,/,financialfood.es,financialfood.es,"es,financialfood)/"
154,el informador,https://www.elinformador.com.ve/,/,www.elinformador.com.ve,elinformador.com.ve,"ve,com,elinformador)/"
155,senado de la nación argentina,http://www.senado.gov.ar/,/,www.senado.gov.ar,senado.gov.ar,"ar,gov,senado)/"
156,presidencia de el salvador,https://www.presidencia.gob.sv/,/,www.presidencia.gob.sv,presidencia.gob.sv,"sv,gob,presidencia)/"
157,el sol de mexico,https://www.elsoldemexico.com.mx/,/,www.elsoldemexico.com.mx,elsoldemexico.com.mx,"mx,com,elsoldemexico)/"
158,diario de león,https://www.diariodeleon.es/,/,www.diariodeleon.es,diariodeleon.es,"es,diariodeleon)/"
159,postcrescent,http://www.postcrescent.com/,/,www.postcrescent.com,postcrescent.com,"com,postcrescent)/"
160,presidencia paraguay,https://www.presidencia.gov.py/,/,www.presidencia.gov.py,presidencia.gov.py,"py,gov,presidencia)/"
161,elmercuriodigital,http://www.elmercuriodigital.net/,/,www.elmercuriodigital.net,elmercuriodigital.net,"net,elmercuriodigital)/"
162,aeh2,http://www.aeh2.org,,www.aeh2.org,aeh2.org,"org,aeh2)/"
163,presidencia de la república del perú,https://www.gob.pe/presidencia/,/presidencia/,www.gob.pe,www.gob.pe,"pe,gob)/presidencia"
164,el pais rurales,https://rurales.elpais.com.uy/,/,rurales.elpais.com.uy,elpais.com.uy,"uy,com,elpais,rurales)/"
165,ticbeat,https://www.ticbeat.com/,/,www.ticbeat.com,ticbeat.com,"com,ticbeat)/"
166,montevideo,http://www.montevideo.com.uy/,/,www.montevideo.com.uy,montevideo.com.uy,"uy,com,montevideo)/"
167,ambientum,https://www.ambientum.com/,/,www.ambientum.com,ambientum.com,"com,ambientum)/"
168,csic,http://www.csic.es/,/,www.csic.es,csic.es,"es,csic)/"
169,el carabobeño,https://www.el-carabobeno.com/,/,www.el-carabobeno.com,el-carabobeno.com,"com,el-carabobeno)/"
170,fororecursoshumanos,https://www.fororecursoshumanos.com/,/,www.fororecursoshumanos.com,fororecursoshumanos.com,"com,fororecursoshumanos)/"
171,asamblea nacional,http://www.asamblea.gob.pa/,/,www.asamblea.gob.pa,asamblea.gob.pa,"pa,gob,asamblea)/"
172,río negro,http://www.rionegro.com.ar,,www.rionegro.com.ar,rionegro.com.ar,"ar,com,rionegro)/"
173,asamblea nacional de nicaragua,http://www.asamblea.gob.ni/,/,www.asamblea.gob.ni,asamblea.gob.ni,"ni,gob,asamblea)/"
174,tribunal contencioso electoral del ecuador,http://www.tce.gob.ec/,/,www.tce.gob.ec,tce.gob.ec,"ec,gob,tce)/"
175,reuters (latin america),http://lta.reuters.com/,/,lta.reuters.com,reuters.com,"com,reuters,lta)/"
176,telemetro,http://www.telemetro.com/endirecto/,/endirecto/,www.telemetro.com,telemetro.com,"com,telemetro)/endirecto"
177,cnn mexican edition,http://mexico.cnn.com/,/,mexico.cnn.com,cnn.com,"com,cnn,mexico)/"
178,partido colorado,https://partidocolorado.uy/,/,partidocolorado.uy,partidocolorado.uy,"uy,partidocolorado)/"
179,diario de morelos,http://www.diariodemorelos.com/,/,www.diariodemorelos.com,diariodemorelos.com,"com,diariodemorelos)/"
180,elcomercio,http://www.elcomercio.es/,/,www.elcomercio.es,elcomercio.es,"es,elcomercio)/"
181,noticias sin,https://noticiassin.com/,/,noticiassin.com,noticiassin.com,"com,noticiassin)/"
182,correo del sur,http://correodelsur.com/,/,correodelsur.com,correodelsur.com,"com,correodelsur)/"
183,fmbolivia tv,http://www.fmbolivia.tv/,/,www.fmbolivia.tv,fmbolivia.tv,"tv,fmbolivia)/"
184,tc televisión,https://www.tctelevision.com/,/,www.tctelevision.com,tctelevision.com,"com,tctelevision)/"
185,el ágora,https://www.elagoradiario.com/,/,www.elagoradiario.com,elagoradiario.com,"com,elagoradiario)/"
186,vicepresidencia,http://www.vicepresidencia.gob.ve/,/,www.vicepresidencia.gob.ve,vicepresidencia.gob.ve,"ve,gob,vicepresidencia)/"
187,elfac,https://www.elfac.org/,/,www.elfac.org,elfac.org,"org,elfac)/"
188,el periodico venezolano,https://elperiodicovenezolano.com/,/,elperiodicovenezolano.com,elperiodicovenezolano.com,"com,elperiodicovenezolano)/"
189,el economista,https://www.eleconomista.com.mx/,/,www.eleconomista.com.mx,eleconomista.com.mx,"mx,com,eleconomista)/"
190,mexico institute,http://mexicoinstitute.wordpress.com/,/,mexicoinstitute.wordpress.com,wordpress.com,"com,wordpress,mexicoinstitute)/"
191,de peru,http://www.deperu.com/,/,www.deperu.com,deperu.com,"com,deperu)/"
192,noticias ahora,https://www.noticias-ahora.com/,/,www.noticias-ahora.com,noticias-ahora.com,"com,noticias-ahora)/"
193,el diario montanes,http://www.eldiariomontanes.es/,/,www.eldiariomontanes.es,eldiariomontanes.es,"es,eldiariomontanes)/"
194,bolpress,https://www.bolpress.com/,/,www.bolpress.com,bolpress.com,"com,bolpress)/"
195,futuro verde,http://futuroverde.org/,/,futuroverde.org,futuroverde.org,"org,futuroverde)/"
196,cuarto poder,http://www.cuartopoder.mx/,/,www.cuartopoder.mx,cuartopoder.mx,"mx,cuartopoder)/"
197,diariodeavila,https://www.diariodeavila.es/,/,www.diariodeavila.es,diariodeavila.es,"es,diariodeavila)/"
198,el economista [spain],http://www.eleconomista.es/,/,www.eleconomista.es,eleconomista.es,"es,eleconomista)/"
199,leonoticias,https://www.leonoticias.com/,/,www.leonoticias.com,leonoticias.com,"com,leonoticias)/"
200,caretas,https://www.caretas.com.pe/,/,www.caretas.com.pe,caretas.com.pe,"pe,com,caretas)/"
201,politicos peru,http://www.politicosperu.com/,/,www.politicosperu.com,politicosperu.com,"com,politicosperu)/"
202,diario de huelva,https://www.diariodehuelva.es/,/,www.diariodehuelva.es,diariodehuelva.es,"es,diariodehuelva)/"
203,qué!,https://www.que.es/,/,www.que.es,que.es,"es,que)/"
204,anabad,https://www.anabad.org/,/,www.anabad.org,anabad.org,"org,anabad)/"
205,hoy bolivia,http://hoybolivia.com/,/,hoybolivia.com,hoybolivia.com,"com,hoybolivia)/"
206,ministerio de desarrollo minero ecológico,http://desarrollominero.gob.ve/,/,desarrollominero.gob.ve,desarrollominero.gob.ve,"ve,gob,desarrollominero)/"
207,el impulso,http://elimpulso.com/,/,elimpulso.com,elimpulso.com,"com,elimpulso)/"
208,news millenium,https://www.newsmillenium.com/,/,www.newsmillenium.com,newsmillenium.com,"com,newsmillenium)/"
209,misiones online,http://misionesonline.net/,/,misionesonline.net,misionesonline.net,"net,misionesonline)/"
210,noticiaspress,http://www.noticiaspress.es/,/,www.noticiaspress.es,noticiaspress.es,"es,noticiaspress)/"
211,el comercio,http://www.elcomercio.com/,/,www.elcomercio.com,elcomercio.com,"com,elcomercio)/"
212,el diario,https://www.eldiario.net/,/,www.eldiario.net,eldiario.net,"net,eldiario)/"
213,hola,https://www.hola.com/,/,www.hola.com,hola.com,"com,hola)/"
214,el luchador,https://elluchador.info/web/,/web/,elluchador.info,elluchador.info,"info,elluchador)/web"
215,la informacion,https://www.lainformacion.com/,/,www.lainformacion.com,lainformacion.com,"com,lainformacion)/"
216,agronews castilla y león,https://www.agronewscastillayleon.com/,/,www.agronewscastillayleon.com,agronewscastillayleon.com,"com,agronewscastillayleon)/"
217,diariodeburgos,https://www.diariodeburgos.es/,/,www.diariodeburgos.es,diariodeburgos.es,"es,diariodeburgos)/"
218,la segunda,http://www.lasegunda.com/,/,www.lasegunda.com,lasegunda.com,"com,lasegunda)/"
219,aguasresiduales,http://www.aguasresiduales.info/,/,www.aguasresiduales.info,aguasresiduales.info,"info,aguasresiduales)/"
220,vanguardia,http://www.vanguardia.com.mx/,/,www.vanguardia.com.mx,vanguardia.com.mx,"mx,com,vanguardia)/"
221,notiulti,https://www.notiulti.com/,/,www.notiulti.com,notiulti.com,"com,notiulti)/"
222,sahara press service (spanish),http://www.spsrasd.info/news/es,/news/es,www.spsrasd.info,spsrasd.info,"info,spsrasd)/news/es"
223,el tambor,http://www.eltambor.es/,/,www.eltambor.es,eltambor.es,"es,eltambor)/"
224,ministerio del poder popular para relaciones exteriores,http://mppre.gob.ve/,/,mppre.gob.ve,mppre.gob.ve,"ve,gob,mppre)/"
225,hoydigital - diario en la republica dominicana,http://www.hoy.com.do/,/,www.hoy.com.do,hoy.com.do,"do,com,hoy)/"
226,olé,http://www.ole.com.ar/,/,www.ole.com.ar,ole.com.ar,"ar,com,ole)/"
227,vietnam pictorial (spanish),http://vietnam.vnanet.vn/spanish/,/spanish/,vietnam.vnanet.vn,vnanet.vn,"vn,vnanet,vietnam)/spanish"
228,gaceta medica,http://www.gacetamedica.com/,/,www.gacetamedica.com,gacetamedica.com,"com,gacetamedica)/"
229,diario expansión,https://www.expansion.com/,/,www.expansion.com,expansion.com,"com,expansion)/"
230,radio fides,http://radiofides.com/es/,/es/,radiofides.com,radiofides.com,"com,radiofides)/es"
231,nuevo ojo,http://ojo.pe/,/,ojo.pe,ojo.pe,"pe,ojo)/"
232,todo noticias,https://tn.com.ar/,/,tn.com.ar,tn.com.ar,"ar,com,tn)/"
233,dinero,http://www.dinero.com/,/,www.dinero.com,dinero.com,"com,dinero)/"
234,conred,https://conred.gob.gt/emergencia/,/emergencia/,conred.gob.gt,conred.gob.gt,"gt,gob,conred)/emergencia"
235,energetica21,http://energetica21.com/,/,energetica21.com,energetica21.com,"com,energetica21)/"
236,tribunal supremo electoral,http://www.oep.org.bo/,/,www.oep.org.bo,oep.org.bo,"bo,org,oep)/"
237,el cronista,http://www.cronista.com/,/,www.cronista.com,cronista.com,"com,cronista)/"
238,sana - syrian arab news agency  (spanish),http://www.sana.sy/es/,/es/,www.sana.sy,sana.sy,"sy,sana)/es"
239,pv magazine latam,https://www.pv-magazine-latam.com/,/,www.pv-magazine-latam.com,pv-magazine-latam.com,"com,pv-magazine-latam)/"
240,el mirón de soria,https://elmirondesoria.es/,/,elmirondesoria.es,elmirondesoria.es,"es,elmirondesoria)/"
241,oea - organización de los estados americanos,http://www.oas.org/en/,/en/,www.oas.org,oas.org,"org,oas)/en"
242,miteco,https://www.miteco.gob.es/,/,www.miteco.gob.es,miteco.gob.es,"es,gob,miteco)/"
243,diario el siglo,http://elsiglo.com.ve/,/,elsiglo.com.ve,elsiglo.com.ve,"ve,com,elsiglo)/"
244,diario financiero,http://www.df.cl/,/,www.df.cl,df.cl,"cl,df)/"
245,noticias de navarra,http://www.noticiasdenavarra.com/,/,www.noticiasdenavarra.com,noticiasdenavarra.com,"com,noticiasdenavarra)/"
246,nuevo día santa cruz,http://www.eldiarionuevodia.com.ar/,/,www.eldiarionuevodia.com.ar,eldiarionuevodia.com.ar,"ar,com,eldiarionuevodia)/"
247,artículo 66,https://www.articulo66.com/,/,www.articulo66.com,articulo66.com,"com,articulo66)/"
248,telesur,http://www.telesurtv.net/,/,www.telesurtv.net,telesurtv.net,"net,telesurtv)/"
249,telecinco - spanish tv news,https://www.telecinco.es/,/,www.telecinco.es,telecinco.es,"es,telecinco)/"
250,radio cooperativa,http://www.cooperativa.cl/,/,www.cooperativa.cl,cooperativa.cl,"cl,cooperativa)/"
251,el peruano,https://elperuano.pe/,/,elperuano.pe,elperuano.pe,"pe,elperuano)/"
252,ultima hora,http://www.ultimahora.com/,/,www.ultimahora.com,ultimahora.com,"com,ultimahora)/"
253,el debate,http://www.debate.com.mx,,www.debate.com.mx,debate.com.mx,"mx,com,debate)/"
254,el diario,http://diario.mx/,/,diario.mx,diario.mx,"mx,diario)/"
255,el comercio perú,https://elcomercio.pe/,/,elcomercio.pe,elcomercio.pe,"pe,elcomercio)/"
256,la provincia,http://www.laprovincia.es/,/,www.laprovincia.es,laprovincia.es,"es,laprovincia)/"
257,diari de tarragona,https://www.diaridetarragona.com/,/,www.diaridetarragona.com,diaridetarragona.com,"com,diaridetarragona)/"
258,minuto a minuto,http://minutoaminuto.com.ve/,/,minutoaminuto.com.ve,minutoaminuto.com.ve,"ve,com,minutoaminuto)/"
259,diario co latino,http://www.diariocolatino.com/,/,www.diariocolatino.com,diariocolatino.com,"com,diariocolatino)/"
260,agrodiario,https://www.agrodiario.com/,/,www.agrodiario.com,agrodiario.com,"com,agrodiario)/"
261,economía - finanzas,http://www.economiafinanzas.com/,/,www.economiafinanzas.com,economiafinanzas.com,"com,economiafinanzas)/"
262,radio televisión a la carta,http://www.rtve.es/alacarta/,/alacarta/,www.rtve.es,rtve.es,"es,rtve)/alacarta"
263,la sexta tv,https://www.lasexta.com/,/,www.lasexta.com,lasexta.com,"com,lasexta)/"
264,correo del caroní,http://www.correodelcaroni.com/,/,www.correodelcaroni.com,correodelcaroni.com,"com,correodelcaroni)/"
265,"invasor, ciego de ávila, cuba",http://www.invasor.cu/es/,/es/,www.invasor.cu,invasor.cu,"cu,invasor)/es"
266,diagonales,https://diagonales.com/,/,diagonales.com,diagonales.com,"com,diagonales)/"
267,el periódico,http://www.elperiodico.com/es/,/es/,www.elperiodico.com,elperiodico.com,"com,elperiodico)/es"
268,diphuelva,http://www.diphuelva.es/,/,www.diphuelva.es,diphuelva.es,"es,diphuelva)/"
269,eapc,https://eapc.blog.gencat.cat/,/,eapc.blog.gencat.cat,gencat.cat,"cat,gencat,blog,eapc)/"
270,riceg,http://www.riceg.org/,/,www.riceg.org,riceg.org,"org,riceg)/"
271,proexport,http://www.proexport.es/,/,www.proexport.es,proexport.es,"es,proexport)/"
272,radio cáritas 680 am,http://www.caritas.com.py/,/,www.caritas.com.py,caritas.com.py,"py,com,caritas)/"
273,noticiero venevisión,http://www.noticierovenevision.net/,/,www.noticierovenevision.net,noticierovenevision.net,"net,noticierovenevision)/"
274,puerto bahía de algeciras,https://www.apba.es/,/,www.apba.es,apba.es,"es,apba)/"
275,conadeh,https://conadeh.hn/,/,conadeh.hn,conadeh.hn,"hn,conadeh)/"
276,diario y radio uchile,http://radio.uchile.cl/,/,radio.uchile.cl,uchile.cl,"cl,uchile,radio)/"
277,entorno inteligente,http://www.entornointeligente.com/,/,www.entornointeligente.com,entornointeligente.com,"com,entornointeligente)/"
278,tecno aqua,https://www.tecnoaqua.es/,/,www.tecnoaqua.es,tecnoaqua.es,"es,tecnoaqua)/"
279,amnesty international - spanish,http://www.amnesty.org/es/,/es/,www.amnesty.org,amnesty.org,"org,amnesty)/es"
280,salamanca rtv al día,https://salamancartvaldia.es/,/,salamancartvaldia.es,salamancartvaldia.es,"es,salamancartvaldia)/"
281,cmdsport,https://www.cmdsport.com/,/,www.cmdsport.com,cmdsport.com,"com,cmdsport)/"
282,ieee - instituto español de estudios estratégicos,http://www.ieee.es/,/,www.ieee.es,ieee.es,"es,ieee)/"
283,la prensa grafica,http://www.laprensagrafica.com/inicio,/inicio,www.laprensagrafica.com,laprensagrafica.com,"com,laprensagrafica)/inicio"
284,notimérica,https://www.notimerica.com/,/,www.notimerica.com,notimerica.com,"com,notimerica)/"
285,el vacanudo,http://www.elvacanudo.cl/,/,www.elvacanudo.cl,elvacanudo.cl,"cl,elvacanudo)/"
286,la nación - costa rica,https://www.nacion.com/,/,www.nacion.com,nacion.com,"com,nacion)/"
287,cibercuba,https://www.cibercuba.com/,/,www.cibercuba.com,cibercuba.com,"com,cibercuba)/"
288,marca,https://www.marca.com/,/,www.marca.com,marca.com,"com,marca)/"
289,al momento,http://www.almomento.net/,/,www.almomento.net,almomento.net,"net,almomento)/"
290,portal del campo,https://portaldelcampo.cl/,/,portaldelcampo.cl,portaldelcampo.cl,"cl,portaldelcampo)/"
291,diario región,https://www.diarioregion.com/,/,www.diarioregion.com,diarioregion.com,"com,diarioregion)/"
292,verdad abierta,https://verdadabierta.com/,/,verdadabierta.com,verdadabierta.com,"com,verdadabierta)/"
293,sercano - servicio centroamericano de noticias,http://www.sercano.com/,/,www.sercano.com,sercano.com,"com,sercano)/"
294,la opinión,http://www.laopinion.com.co/,/,www.laopinion.com.co,laopinion.com.co,"co,com,laopinion)/"
295,el observatodo,http://www.elobservatodo.cl/,/,www.elobservatodo.cl,elobservatodo.cl,"cl,elobservatodo)/"
296,majadahonda magazin,https://majadahondamagazin.es/,/,majadahondamagazin.es,majadahondamagazin.es,"es,majadahondamagazin)/"
297,univision,http://www.univision.com/noticias,/noticias,www.univision.com,univision.com,"com,univision)/noticias"
298,larioja,https://www.larioja.com/,/,www.larioja.com,larioja.com,"com,larioja)/"
299,la nueva españa,https://www.lne.es/,/,www.lne.es,lne.es,"es,lne)/"
300,el diario de yucatán,http://www.yucatan.com.mx/,/,www.yucatan.com.mx,yucatan.com.mx,"mx,com,yucatan)/"
301,la tribuna de albacete. noticias de albacete y provincia,https://www.latribunadealbacete.es/,/,www.latribunadealbacete.es,latribunadealbacete.es,"es,latribunadealbacete)/"
302,cippec,https://www.cippec.org/,/,www.cippec.org,cippec.org,"org,cippec)/"
303,electricas,https://www.electricas.net/,/,www.electricas.net,electricas.net,"net,electricas)/"
304,revista semana,https://www.semana.com/,/,www.semana.com,semana.com,"com,semana)/"
305,eysmunicipales,https://www.eysmunicipales.es/,/,www.eysmunicipales.es,eysmunicipales.es,"es,eysmunicipales)/"
306,ecoavant - environment news,https://www.ecoavant.com/,/,www.ecoavant.com,ecoavant.com,"com,ecoavant)/"
307,europa press,https://www.europapress.es/,/,www.europapress.es,europapress.es,"es,europapress)/"
308,redr,http://www.redr.es,,www.redr.es,redr.es,"es,redr)/"
309,la silla rota,http://lasillarota.com/,/,lasillarota.com,lasillarota.com,"com,lasillarota)/"
310,el nuevo siglo,https://www.elnuevosiglo.com.co/,/,www.elnuevosiglo.com.co,elnuevosiglo.com.co,"co,com,elnuevosiglo)/"
311,nómada,https://nomada.gt/,/,nomada.gt,nomada.gt,"gt,nomada)/"
312,junta central electoral,http://jce.gob.do/,/,jce.gob.do,jce.gob.do,"do,gob,jce)/"
313,la prensa,http://laprensa.peru.com/,/,laprensa.peru.com,peru.com,"com,peru,laprensa)/"
314,reac,https://reac.es/,/,reac.es,reac.es,"es,reac)/"
315,la silla vacía,http://lasillavacia.com/,/,lasillavacia.com,lasillavacia.com,"com,lasillavacia)/"
316,la jornada,http://www.jornada.unam.mx/ultimas,/ultimas,www.jornada.unam.mx,unam.mx,"mx,unam,jornada)/ultimas"
317,correo peru,http://diariocorreo.pe/,/,diariocorreo.pe,diariocorreo.pe,"pe,diariocorreo)/"
318,diario voces,http://diariovoces.com.pe/,/,diariovoces.com.pe,diariovoces.com.pe,"pe,com,diariovoces)/"
319,elfrontal,https://www.elfrontal.com/,/,www.elfrontal.com,elfrontal.com,"com,elfrontal)/"
320,página 7,http://www.paginasiete.bo/,/,www.paginasiete.bo,paginasiete.bo,"bo,paginasiete)/"
321,decisive2020,https://www.decisive2020.eu/,/,www.decisive2020.eu,decisive2020.eu,"eu,decisive2020)/"
322,pnud bolivia,http://www.bo.undp.org/,/,www.bo.undp.org,undp.org,"org,undp,bo)/"
323,yahoo! finanza - spanish,https://es.finance.yahoo.com/,/,es.finance.yahoo.com,yahoo.com,"com,yahoo,finance,es)/"
324,gestión,http://gestion.pe/,/,gestion.pe,gestion.pe,"pe,gestion)/"
325,la prensa - honduras,http://www.laprensa.hn/,/,www.laprensa.hn,laprensa.hn,"hn,laprensa)/"
326,la opinión de tenerife,http://www.laopinion.es/,/,www.laopinion.es,laopinion.es,"es,laopinion)/"
327,tribunal superior de justicia electoral,http://tsje.gov.py/,/,tsje.gov.py,tsje.gov.py,"py,gov,tsje)/"
328,isd - iniciativa social para la democracia,http://www.isd.org.sv/,/,www.isd.org.sv,isd.org.sv,"sv,org,isd)/"
329,informa tico,http://www.informa-tico.com/,/,www.informa-tico.com,informa-tico.com,"com,informa-tico)/"
330,primera edicion web,http://www.primeraedicion.com.ar/,/,www.primeraedicion.com.ar,primeraedicion.com.ar,"ar,com,primeraedicion)/"
331,el asombrario,https://elasombrario.com/,/,elasombrario.com,elasombrario.com,"com,elasombrario)/"
332,el correo digital,http://www.elcorreodigital.com/,/,www.elcorreodigital.com,elcorreodigital.com,"com,elcorreodigital)/"
333,el mundo (spain),http://www.elmundo.es/,/,www.elmundo.es,elmundo.es,"es,elmundo)/"
334,vhio,https://www.vhio.net/,/,www.vhio.net,vhio.net,"net,vhio)/"
335,diario el pueblo,http://www.diarioelpueblo.com.uy/,/,www.diarioelpueblo.com.uy,diarioelpueblo.com.uy,"uy,com,diarioelpueblo)/"
336,migration ngo - asociación comisión católica espanola de migración,https://www.accem.es/,/,www.accem.es,accem.es,"es,accem)/"
337,la opiñon,http://www.laopinon.cl/,/,www.laopinon.cl,laopinon.cl,"cl,laopinon)/"
338,red uno,https://www.reduno.com.bo/,/,www.reduno.com.bo,reduno.com.bo,"bo,com,reduno)/"
339,acta sanitaria,https://www.actasanitaria.com/,/,www.actasanitaria.com,actasanitaria.com,"com,actasanitaria)/"
340,corte de cuentas,https://www.cortedecuentas.gob.sv/index.php/es/,/index.php/es/,www.cortedecuentas.gob.sv,cortedecuentas.gob.sv,"sv,gob,cortedecuentas)/index.php/es"
341,coin telegraph - en espagnol,https://es.cointelegraph.com/,/,es.cointelegraph.com,cointelegraph.com,"com,cointelegraph,es)/"
342,istituto national electoral,http://www.ine.mx/portal/,/portal/,www.ine.mx,ine.mx,"mx,ine)/portal"
343,instituto de estudios peruanos,http://www.iep.org.pe/,/,www.iep.org.pe,iep.org.pe,"pe,org,iep)/"
344,diario norte,http://www.diarionorte.com.uy/,/,www.diarionorte.com.uy,diarionorte.com.uy,"uy,com,diarionorte)/"
345,afp - agence france presse (spanish),https://www.afp.com/es,/es,www.afp.com,afp.com,"com,afp)/es"
346,el universal estado de méxico,https://www.eluniversal.com.mx/,/,www.eluniversal.com.mx,eluniversal.com.mx,"mx,com,eluniversal)/"
347,universidad tecnológica nacional - facultad bahía blanca,https://www.frbb.utn.edu.ar,,www.frbb.utn.edu.ar,utn.edu.ar,"ar,edu,utn,frbb)/"
348,portal 180,http://www.180.com.uy/,/,www.180.com.uy,180.com.uy,"uy,com,180)/"
349,el tiempo - colombia,https://www.eltiempo.com/,/,www.eltiempo.com,eltiempo.com,"com,eltiempo)/"
350,institucional,http://www.ideam.gov.co/,/,www.ideam.gov.co,ideam.gov.co,"co,gov,ideam)/"
351,ideal,http://www.ideal.es/,/,www.ideal.es,ideal.es,"es,ideal)/"
352,burgosconecta,https://www.burgosconecta.es/,/,www.burgosconecta.es,burgosconecta.es,"es,burgosconecta)/"
353,telenoche,https://www.telenoche.com.uy/,/,www.telenoche.com.uy,telenoche.com.uy,"uy,com,telenoche)/"
354,la gaceta,http://www.lagaceta.com.ar/,/,www.lagaceta.com.ar,lagaceta.com.ar,"ar,com,lagaceta)/"
355,diario digital república dominicana,http://www.diariodigitalrd.com/,/,www.diariodigitalrd.com,diariodigitalrd.com,"com,diariodigitalrd)/"
356,tribuna,https://tribuna.ucm.es/,/,tribuna.ucm.es,ucm.es,"es,ucm,tribuna)/"
357,ntr zacatecas,http://ntrzacatecas.com/,/,ntrzacatecas.com,ntrzacatecas.com,"com,ntrzacatecas)/"
358,la verdad de murcia,https://www.laverdad.es/,/,www.laverdad.es,laverdad.es,"es,laverdad)/"
359,efeverde,https://www.efeverde.com/,/,www.efeverde.com,efeverde.com,"com,efeverde)/"
360,monumental am 1080,http://www.monumental.com.py/,/,www.monumental.com.py,monumental.com.py,"py,com,monumental)/"
361,diputados argentina,https://www.hcdn.gob.ar/,/,www.hcdn.gob.ar,hcdn.gob.ar,"ar,gob,hcdn)/"
362,el país retina: transformación digital y tecnología,https://retina.elpais.com/,/,retina.elpais.com,elpais.com,"com,elpais,retina)/"
363,fiscalia,http://www.fiscalia.gob.sv/,/,www.fiscalia.gob.sv,fiscalia.gob.sv,"sv,gob,fiscalia)/"
364,crónica uno - periodismo de interés público desde venezuela,https://cronica.uno/,/,cronica.uno,cronica.uno,"uno,cronica)/"
365,la region,http://www.laregion.es/,/,www.laregion.es,laregion.es,"es,laregion)/"
366,iaea - international atomic energy agency- spanish,https://www.iaea.org/es/news,/es/news,www.iaea.org,iaea.org,"org,iaea)/es/news"
367,el correo de andalucía,https://elcorreoweb.es/,/,elcorreoweb.es,elcorreoweb.es,"es,elcorreoweb)/"
368,jornada,https://jornadanet.com/,/,jornadanet.com,jornadanet.com,"com,jornadanet)/"
369,ministerio hacienda,http://www.hacienda.gov.py,,www.hacienda.gov.py,hacienda.gov.py,"py,gov,hacienda)/"
370,redacción médica,https://www.redaccionmedica.com/,/,www.redaccionmedica.com,redaccionmedica.com,"com,redaccionmedica)/"
371,instituto nacional de estadística,https://www.ine.es/,/,www.ine.es,ine.es,"es,ine)/"
372,intereconomia,https://intereconomia.com/,/,intereconomia.com,intereconomia.com,"com,intereconomia)/"
373,faro de vigo,http://www.farodevigo.es/,/,www.farodevigo.es,farodevigo.es,"es,farodevigo)/"
374,tal cual digital,https://www.talcualdigital.com/,/,www.talcualdigital.com,talcualdigital.com,"com,talcualdigital)/"
375,tvpy - televisión del paraguay,http://www.television.com.py/,/,www.television.com.py,television.com.py,"py,com,television)/"
376,diario el popular argentina,http://www.elpopular.com.ar/,/,www.elpopular.com.ar,elpopular.com.ar,"ar,com,elpopular)/"
377,la politica online,http://www.lapoliticaonline.com/,/,www.lapoliticaonline.com,lapoliticaonline.com,"com,lapoliticaonline)/"
378,tv cubana,http://www.tvcubana.icrt.cu/,/,www.tvcubana.icrt.cu,icrt.cu,"cu,icrt,tvcubana)/"
379,p2p,https://p2pmodels.eu/,/,p2pmodels.eu,p2pmodels.eu,"eu,p2pmodels)/"
380,tandil diario,http://www.tandildiario.com/,/,www.tandildiario.com,tandildiario.com,"com,tandildiario)/"
381,comentarios en cuartopoder,https://www.cuartopoder.es/,/,www.cuartopoder.es,cuartopoder.es,"es,cuartopoder)/"
382,gkillcity,https://gk.city/,/,gk.city,gk.city,"city,gk)/"
383,el faradio,https://www.elfaradio.com/,/,www.elfaradio.com,elfaradio.com,"com,elfaradio)/"
384,policia nacional,https://www.policia.es,,www.policia.es,policia.es,"es,policia)/"
385,consejo nacional para la igualdad de pueblos y nacionalidades,http://www.pueblosynacionalidades.gob.ec/,/,www.pueblosynacionalidades.gob.ec,pueblosynacionalidades.gob.ec,"ec,gob,pueblosynacionalidades)/"
386,prensa libre,http://www.prensalibre.com/,/,www.prensalibre.com,prensalibre.com,"com,prensalibre)/"
387,freshplaza,http://www.freshplaza.es/,/,www.freshplaza.es,freshplaza.es,"es,freshplaza)/"
388,cambio de michoacán,http://www.cambiodemichoacan.com.mx/,/,www.cambiodemichoacan.com.mx,cambiodemichoacan.com.mx,"mx,com,cambiodemichoacan)/"
389,cronica del quindio,https://www.cronicadelquindio.com/,/,www.cronicadelquindio.com,cronicadelquindio.com,"com,cronicadelquindio)/"
390,los tiempos,http://www.lostiempos.com/,/,www.lostiempos.com,lostiempos.com,"com,lostiempos)/"
391,opciones,http://www.opciones.cu/,/,www.opciones.cu,opciones.cu,"cu,opciones)/"
392,muypymes,http://www.muypymes.com/,/,www.muypymes.com,muypymes.com,"com,muypymes)/"
393,el salvador noticias,https://www.elsalvador.com/,/,www.elsalvador.com,elsalvador.com,"com,elsalvador)/"
394,la defensoría de los habitantes,http://www.dhr.go.cr/,/,www.dhr.go.cr,dhr.go.cr,"cr,go,dhr)/"
395,wind energy and the electric vehicle,http://www.evwind.es/,/,www.evwind.es,evwind.es,"es,evwind)/"
396,el diario,https://www.eldiario.es/,/,www.eldiario.es,eldiario.es,"es,eldiario)/"
397,confederación de sociedades científicas de españa (cosce),https://www.cosce.org/,/,www.cosce.org,cosce.org,"org,cosce)/"
398,diario-eco,https://www.diario.eco/,/,www.diario.eco,diario.eco,"eco,diario)/"
399,decisive2020,https://www.upo.es/upotec,/upotec,www.upo.es,upo.es,"es,upo)/upotec"
400,cilma,https://www.cilma.cat/,/,www.cilma.cat,cilma.cat,"cat,cilma)/"
401,el periodico de mexico,http://www.elperiodicodemexico.com/,/,www.elperiodicodemexico.com,elperiodicodemexico.com,"com,elperiodicodemexico)/"
402,diario de centro américa,https://dca.gob.gt/,/,dca.gob.gt,dca.gob.gt,"gt,gob,dca)/"
403,la voz digital - cadiz,http://www.lavozdigital.es/cadiz/,/cadiz/,www.lavozdigital.es,lavozdigital.es,"es,lavozdigital)/cadiz"
404,télam,http://www.telam.com.ar/,/,www.telam.com.ar,telam.com.ar,"ar,com,telam)/"
405,emol,http://www.emol.com/,/,www.emol.com,emol.com,"com,emol)/"
406,america economia,https://www.americaeconomia.com/,/,www.americaeconomia.com,americaeconomia.com,"com,americaeconomia)/"
407,latina,http://www.latina.pe/,/,www.latina.pe,latina.pe,"pe,latina)/"
408,periodismo,http://www.periodismo.com/,/,www.periodismo.com,periodismo.com,"com,periodismo)/"
409,proceso,https://www.proceso.com.mx/,/,www.proceso.com.mx,proceso.com.mx,"mx,com,proceso)/"
410,mystery planet,https://mysteryplanet.com.ar/site/,/site/,mysteryplanet.com.ar,mysteryplanet.com.ar,"ar,com,mysteryplanet)/site"
411,noalamina,https://noalamina.org/,/,noalamina.org,noalamina.org,"org,noalamina)/"
412,global green growth institute,http://gggi.org/,/,gggi.org,gggi.org,"org,gggi)/"
413,renewable energy magazine,http://www.renewableenergymagazine.com/,/,www.renewableenergymagazine.com,renewableenergymagazine.com,"com,renewableenergymagazine)/"
414,corte suprema de justicia,http://www.csj.gob.sv,,www.csj.gob.sv,csj.gob.sv,"sv,gob,csj)/"
415,cámara de diputados - paraguay,http://www.diputados.gov.py/ww5/,/ww5/,www.diputados.gov.py,diputados.gov.py,"py,gov,diputados)/ww5"
416,idival,https://www.idival.org/es/,/es/,www.idival.org,idival.org,"org,idival)/es"
417,radio la primerísima,http://www.radiolaprimerisima.com/,/,www.radiolaprimerisima.com,radiolaprimerisima.com,"com,radiolaprimerisima)/"
418,voz america,http://www.voanoticias.com/,/,www.voanoticias.com,voanoticias.com,"com,voanoticias)/"
419,tupolitica,https://www.tupolitica.com/,/,www.tupolitica.com,tupolitica.com,"com,tupolitica)/"
420,retema,http://www.retema.es/,/,www.retema.es,retema.es,"es,retema)/"
421,cambio politico,https://cambiopolitico.com/,/,cambiopolitico.com,cambiopolitico.com,"com,cambiopolitico)/"
422,formulatv,http://www.formulatv.com/,/,www.formulatv.com,formulatv.com,"com,formulatv)/"
423,bohemia,http://www.bohemia.cu/,/,www.bohemia.cu,bohemia.cu,"cu,bohemia)/"
424,la vanguardia,https://www.lavanguardia.com/,/,www.lavanguardia.com,lavanguardia.com,"com,lavanguardia)/"
425,cronica,http://www.cronica.com.py/,/,www.cronica.com.py,cronica.com.py,"py,com,cronica)/"
426,esmartcity,https://www.esmartcity.es/,/,www.esmartcity.es,esmartcity.es,"es,esmartcity)/"
427,opinion (bolivia),http://www.opinion.com.bo/,/,www.opinion.com.bo,opinion.com.bo,"bo,com,opinion)/"
428,oficina nacional de procesos electorales,http://www.onpe.gob.pe/,/,www.onpe.gob.pe,onpe.gob.pe,"pe,gob,onpe)/"
429,cadenaser-tv news,https://cadenaser.com/,/,cadenaser.com,cadenaser.com,"com,cadenaser)/"
430,el diario de ecuador,https://www.eldiario.ec/,/,www.eldiario.ec,eldiario.ec,"ec,eldiario)/"
431,El Periódico Extremadura,https://www.elperiodicoextremadura.com/,/,www.elperiodicoextremadura.com,elperiodicoextremadura.com,"com,elperiodicoextremadura)/"
470,HardwareZone Forums,https://forums.hardwarezone.com.sg/,/,forums.hardwarezone.com.sg,hardwarezone.com.sg,"sg,com,hardwarezone,forums)/"
471,Singapore Music Forum,https://www.soft.com.sg/,/,www.soft.com.sg,soft.com.sg,"sg,com,soft)/"
472,Seedly,https://seedly.sg/community,/community,seedly.sg,seedly.sg,"sg,seedly)/community"
473,sgTalk,https://sgtalk.org,,sgtalk.org,sgtalk.org,"org,sgtalk)/"
474,Salary.sg,https://forums.salary.sg/,/,forums.salary.sg,salary.sg,"sg,salary,forums)/"
475,Car Forum,https://www.mycarforum.com/forums/,/forums/,www.mycarforum.com,mycarforum.com,"com,mycarforum)/forums"
476,r/singapore,https://www.reddit.com/r/singapore/,/r/singapore/,www.reddit.com,reddit.com,"com,reddit)/r/singapore"
477,Parenting in Singapore,https://www.kiasuparents.com/kiasu,/kiasu,www.kiasuparents.com,kiasuparents.com,"com,kiasuparents)/kiasu"
478,Photography Forum,https://www.clubsnap.com/forums/,/forums/,www.clubsnap.com,clubsnap.com,"com,clubsnap)/forums"
479,Home decor,https://www.renotalk.com/forum/,/forum/,www.renotalk.com,renotalk.com,"com,renotalk)/forum"
480,Personal blog,https://www.jeraldinephneah.com/,/,www.jeraldinephneah.com,jeraldinephneah.com,"com,jeraldinephneah)/"
481,Personal blog,https://techielobang.com/blog/,/blog/,techielobang.com,techielobang.com,"com,techielobang)/blog"
482,Personal blog,https://www.misstamchiak.com/,/,www.misstamchiak.com,misstamchiak.com,"com,misstamchiak)/"
483,Personal blog,https://alvinology.com/,/,alvinology.com,alvinology.com,"com,alvinology)/"
484,Personal blog,https://sethlui.com/,/,sethlui.com,sethlui.com,"com,sethlui)/"
485,Curated blog,https://blog.moneysmart.sg/,/,blog.moneysmart.sg,moneysmart.sg,"sg,moneysmart,blog)/"
486,Curated blog,https://blog.seedly.sg/,/,blog.seedly.sg,seedly.sg,"sg,seedly,blog)/"
487,Curated blog,https://thesmartlocal.com/,/,thesmartlocal.com,thesmartlocal.com,"com,thesmartlocal)/"
488,Curated blog,https://dailyvanity.sg/,/,dailyvanity.sg,dailyvanity.sg,"sg,dailyvanity)/"
489,Personal blog,https://www.cheekiemonkie.net/,/,www.cheekiemonkie.net,cheekiemonkie.net,"net,cheekiemonkie)/"
490,Personal blog,https://www.luxuryhaven.co/,/,www.luxuryhaven.co,luxuryhaven.co,"co,luxuryhaven)/"
491,Personal blog,https://www.thewackyduo.com/,/,www.thewackyduo.com,thewackyduo.com,"com,thewackyduo)/"
492,Personal blog,https://www.vivawoman.net/,/,www.vivawoman.net,vivawoman.net,"net,vivawoman)/"
493,Personal blog,https://lesterchan.net/,/,lesterchan.net,lesterchan.net,"net,lesterchan)/"
494,Personal blog,https://theoccasionaltraveller.com/,/,theoccasionaltraveller.com,theoccasionaltraveller.com,"com,theoccasionaltraveller)/"
495,Personal blog,http://www.passportchop.com/,/,www.passportchop.com,passportchop.com,"com,passportchop)/"
496,Curated blog,https://www.hpility.sg/,/,www.hpility.sg,hpility.sg,"sg,hpility)/"
497,News outlet,https://www.straitstimes.com/,/,www.straitstimes.com,straitstimes.com,"com,straitstimes)/"
498,News outlet,https://www.channelnewsasia.com/,/,www.channelnewsasia.com,channelnewsasia.com,"com,channelnewsasia)/"
499,News outlet,https://www.today.com/news/,/news/,www.today.com,today.com,"com,today)/news"
500,News outlet,https://www.asiaone.com/singapore,/singapore,www.asiaone.com,asiaone.com,"com,asiaone)/singapore"
501,News outlet,https://theindependent.sg/,/,theindependent.sg,theindependent.sg,"sg,theindependent)/"
502,News outlet,https://www.ricemedia.co/,/,www.ricemedia.co,ricemedia.co,"co,ricemedia)/"
503,News outlet,https://www.zaobao.com.sg/,/,www.zaobao.com.sg,zaobao.com.sg,"sg,com,zaobao)/"
504,News outlet,https://www.wanbao.com.sg/,/,www.wanbao.com.sg,wanbao.com.sg,"sg,com,wanbao)/"
505,News outlet,https://www.shinmin.sg/,/,www.shinmin.sg,shinmin.sg,"sg,shinmin)/"
506,newspaper in Basque of a region,https://goiena.eus/,/,goiena.eus,goiena.eus,"eus,goiena)/"
507,Samanantar Indic Parallel Corpora,https://indicnlp.ai4bharat.org/samanantar/,/samanantar/,indicnlp.ai4bharat.org,ai4bharat.org,"org,ai4bharat,indicnlp)/samanantar"
508,Wikpiedia in Chinese,https://zh.wikipedia.org/,/,zh.wikipedia.org,wikipedia.org,"org,wikipedia,zh)/"
509,African Story Book Emakhuwa,https://www.africanstorybook.org/,/,www.africanstorybook.org,africanstorybook.org,"org,africanstorybook)/"
510,The Times of India,https://timesofindia.indiatimes.com/,/,timesofindia.indiatimes.com,indiatimes.com,"com,indiatimes,timesofindia)/"
511,SciELO – Scientific Electronic Library Online,https://scielo.org/,/,scielo.org,scielo.org,"org,scielo)/"
512,kumparan.com,https://kumparan.com/,/,kumparan.com,kumparan.com,"com,kumparan)/"
513,Gaceta Parlamentaria - Mexico,http://gaceta.diputados.gob.mx/,/,gaceta.diputados.gob.mx,diputados.gob.mx,"mx,gob,diputados,gaceta)/"
514,National Digital Library of Theses and Dissertations in Taiwan,https://ndltd.ncl.edu.tw/,/,ndltd.ncl.edu.tw,ncl.edu.tw,"tw,edu,ncl,ndltd)/"
515,Aaj Tak,https://www.aajtak.in/,/,www.aajtak.in,aajtak.in,"in,aajtak)/"
516,Masakhane,https://www.masakhane.io/,/,www.masakhane.io,masakhane.io,"io,masakhane)/"
517,UNESCO Digital Library,https://unesdoc.unesco.org/home,/home,unesdoc.unesco.org,unesco.org,"org,unesco,unesdoc)/home"
518,El Colombiano,https://www.elcolombiano.com/,/,www.elcolombiano.com,elcolombiano.com,"com,elcolombiano)/"
519,El Archivo y Biblioteca Nacionales de Bolivia,https://www.archivoybibliotecanacionales.org.bo/,/,www.archivoybibliotecanacionales.org.bo,archivoybibliotecanacionales.org.bo,"bo,org,archivoybibliotecanacionales)/"
520,Spotify Podcast Dataset,https://podcastsdataset.byspotify.com/,/,podcastsdataset.byspotify.com,byspotify.com,"com,byspotify,podcastsdataset)/"
521,100 days of COVID-19 in the Australian Twittersphere,https://researchdata.edu.au/,/,researchdata.edu.au,researchdata.edu.au,"au,edu,researchdata)/"
522,French Treebank,http://ftb.linguist.univ-paris-diderot.fr,,ftb.linguist.univ-paris-diderot.fr,univ-paris-diderot.fr,"fr,univ-paris-diderot,linguist,ftb)/"
523,ffr dataset,https://github.com/,/,github.com,github.com,"com,github)/"
524,Enriched CONLLU Ancora for ML training,https://zenodo.org/record/5036651,/record/5036651,zenodo.org,zenodo.org,"org,zenodo)/record/5036651"
525,ratopati.com,https://ratopati.com/,/,ratopati.com,ratopati.com,"com,ratopati)/"
526,Yoruba dialogues in different domains,https://coerll.utexas.edu/yemi,/yemi,coerll.utexas.edu,utexas.edu,"edu,utexas,coerll)/yemi"
527,Swahili News Classification Dataset by Davis David,https://doi.org,,doi.org,doi.org,"org,doi)/"
528,Catalan Government Crawling,https://zenodo.org/record/4636486,/record/4636486,zenodo.org,zenodo.org,"org,zenodo)/record/4636486"
529,UIT-VSFC (version 1.0) - Vietnamese Students’ Feedback Corpus,https://sites.google.com/,/,sites.google.com,google.com,"com,google,sites)/"
530,Mediapart,https://www.mediapart.fr/,/,www.mediapart.fr,mediapart.fr,"fr,mediapart)/"
532,UK Doctoral Thesis Metadata from EThO,https://https/,/,https,,https)/
533,Smithsonian Institution,https://www.si.edu/,/,www.si.edu,si.edu,"edu,si)/"
534,,https://www.nairaland.com/,/,www.nairaland.com,nairaland.com,"com,nairaland)/"
535,Book Dash Books,https://bookdash.org/books/,/books/,bookdash.org,bookdash.org,"org,bookdash)/books"
536,book dash,https://bookdash.org/,/,bookdash.org,bookdash.org,"org,bookdash)/"
537,Lot Of Indic Tweets,http://bpraneeth.com/projects/loit,/projects/loit,bpraneeth.com,bpraneeth.com,"com,bpraneeth)/projects/loit"
538,Grabaciones del Senado - Colombia,://:///,://:///,,,:)/
539,South African Centre for Digital Language Resources,https://www.sadilar.org/,/,www.sadilar.org,sadilar.org,"org,sadilar)/"
540,Ekaia EHUko Zientzia eta Teknologia aldizkaria,https://ojs.ehu.eus/,/,ojs.ehu.eus,ehu.eus,"eus,ehu,ojs)/"
541,Ixa taldea,http://www.ixa.eus/,/,www.ixa.eus,ixa.eus,"eus,ixa)/"
542,Indonesian Chat data,https://aclanthology.org,,aclanthology.org,aclanthology.org,"org,aclanthology)/"
544,VinBigData ASR VLSP 2020,https://vinbigdata.org/,/,vinbigdata.org,vinbigdata.org,"org,vinbigdata)/"
545,detik.com,https://www.detik.com/,/,www.detik.com,detik.com,"com,detik)/"
546,Tashkeela,https://sourceforge.net/,/,sourceforge.net,sourceforge.net,"net,sourceforge)/"
547,Oarso Bidasoko Hitza,https://oarsobidasoa.hitza.eus/,/,oarsobidasoa.hitza.eus,hitza.eus,"eus,hitza,oarsobidasoa)/"
548,Remezcla.com,https://remezcla.com/,/,remezcla.com,remezcla.com,"com,remezcla)/"
549,cnnindonesia.com,https://www.cnnindonesia.com/,/,www.cnnindonesia.com,cnnindonesia.com,"com,cnnindonesia)/"
550,Le Monde Newspaper,https://www.lemonde.fr/,/,www.lemonde.fr,lemonde.fr,"fr,lemonde)/"
551,Britain and UK Handbooks,https://data.nls.uk/,/,data.nls.uk,nls.uk,"uk,nls,data)/"
553,Indo4b,https://www.indobenchmark.com/,/,www.indobenchmark.com,indobenchmark.com,"com,indobenchmark)/"
555,TITML-IDN speech corpus,http://research.nii.ac.jp/src,/src,research.nii.ac.jp,nii.ac.jp,"jp,ac,nii,research)/src"
556,BnL Historical Newspapers,https://data.bnl.lu/,/,data.bnl.lu,bnl.lu,"lu,bnl,data)/"
557,AI4Bharat,https://ai4bharat.org/,/,ai4bharat.org,ai4bharat.org,"org,ai4bharat)/"
558,Constitución Política de Colombia 1991,https://www.alcaldiabogota.gov.co/sisjur,/sisjur,www.alcaldiabogota.gov.co,alcaldiabogota.gov.co,"co,gov,alcaldiabogota)/sisjur"
559,OpenITI,https://zenodo.org/record/4075046,/record/4075046,zenodo.org,zenodo.org,"org,zenodo)/record/4075046"
560,Unsupervised Cross-lingual Representation Learning at Scale,https://metatext.io/,/,metatext.io,metatext.io,"io,metatext)/"
561,XQuAD-ca,https://zenodo.org/record/4757559,/record/4757559,zenodo.org,zenodo.org,"org,zenodo)/record/4757559"
563,ahotsak,https://ahotsak.eus/,/,ahotsak.eus,ahotsak.eus,"eus,ahotsak)/"
564,languages of mozambique lidemo,https://lidemo.net/,/,lidemo.net,lidemo.net,"net,lidemo)/"
565,Open Subtitles,https://www.opensubtitles.com/en/home,/en/home,www.opensubtitles.com,opensubtitles.com,"com,opensubtitles)/en/home"
568,ParlamentParla - Speech corpus of Catalan Parliamentary sessions,https://zenodo.org/record/5541827,/record/5541827,zenodo.org,zenodo.org,"org,zenodo)/record/5541827"
569,Neliti - Indonesian research repository,https://www.neliti.com/id/,/id/,www.neliti.com,neliti.com,"com,neliti)/id"
570,Vietnamese Complaint Detection on E-Commerce Websites,https://arxiv.org,,arxiv.org,arxiv.org,"org,arxiv)/"
571,Stack Exchange Website,https://stackexchange.com/,/,stackexchange.com,stackexchange.com,"com,stackexchange)/"
572,tirto.id,https://tirto.id/,/,tirto.id,tirto.id,"id,tirto)/"
573,Baidu baike,https://baike.baidu.com/,/,baike.baidu.com,baidu.com,"com,baidu,baike)/"
574,PMC Article,https://www.ncbi.nlm.nih.gov/pmc/,/pmc/,www.ncbi.nlm.nih.gov,nih.gov,"gov,nih,nlm,ncbi)/pmc"
575,Linguistic Data Consortium,https://www.ldc.upenn.edu/,/,www.ldc.upenn.edu,upenn.edu,"edu,upenn,ldc)/"
577,Le Monde Group,https://fr.wikipedia.org/,/,fr.wikipedia.org,wikipedia.org,"org,wikipedia,fr)/"
579,Vietnamese Datasets for Evaluating Semantic Models of (Dis-)Similarity and Relatedness (ViCon and ViSim-400),https://www.ims.uni-stuttgart.de/,/,www.ims.uni-stuttgart.de,uni-stuttgart.de,"de,uni-stuttgart,ims)/"
580,S2ORC: The Semantic Scholar Open Research Corpus,https://github.com/allenai/s2orc,/allenai/s2orc,github.com,github.com,"com,github)/allenai/s2orc"
583,almaany arabic dictionary,https://www.almaany.com/ar/dict/ar-ar/,/ar/dict/ar-ar/,www.almaany.com,almaany.com,"com,almaany)/ar/dict/ar-ar"
585,Trove National Library of Australia,https://trove.nla.gov.au/,/,trove.nla.gov.au,nla.gov.au,"au,gov,nla,trove)/"
586,TV3Parla,https://collectivat.cat/rap,/rap,collectivat.cat,collectivat.cat,"cat,collectivat)/rap"
587,ESTER Evaluation de Systemes de Transcription enrichie d’Emissions Radiophoniques,http://www.lrec-conf.org/,/,www.lrec-conf.org,lrec-conf.org,"org,lrec-conf)/"
588,Bloom Library ,https://bloomlibrary.org/,/,bloomlibrary.org,bloomlibrary.org,"org,bloomlibrary)/"
589,Le Centre pour la Communication Scientifique Directe,https://www.ccsd.cnrs.fr/,/,www.ccsd.cnrs.fr,cnrs.fr,"fr,cnrs,ccsd)/"
590,LibreCommons,https://commons.libretexts.org/,/,commons.libretexts.org,libretexts.org,"org,libretexts,commons)/"
591,WuDaoCorpora,https://resource.wudaoai.cn/home,/home,resource.wudaoai.cn,wudaoai.cn,"cn,wudaoai,resource)/home"
593,VnExpress,http://vnexpress.net/,/,vnexpress.net,vnexpress.net,"net,vnexpress)/"
594,Multilingual Knowledge Questions & Answers,https://github.com/apple/ml-mkqa,/apple/ml-mkqa,github.com,github.com,"com,github)/apple/ml-mkqa"
595,mawdoo3,https://mawdoo3.com/,/,mawdoo3.com,mawdoo3.com,"com,mawdoo3)/"
597,Basque Wikipedia,https://eu.wikipedia.org/wiki/Azala,/wiki/Azala,eu.wikipedia.org,wikipedia.org,"org,wikipedia,eu)/wiki/azala"
598,Royal Society Corpus,https://fedora.clarin-d.uni-saarland.de,,fedora.clarin-d.uni-saarland.de,uni-saarland.de,"de,uni-saarland,clarin-d,fedora)/"
599,Global Voices French,https://fr.globalvoices.org/,/,fr.globalvoices.org,globalvoices.org,"org,globalvoices,fr)/"
601,Global Voices Arabic,https://ar.globalvoices.org/,/,ar.globalvoices.org,globalvoices.org,"org,globalvoices,ar)/"
602,TeCla: Text Classification Catalan dataset,https://zenodo.org/record/4761505,/record/4761505,zenodo.org,zenodo.org,"org,zenodo)/record/4761505"
603,Indosum,https://github.com/kata-ai/indosum,/kata-ai/indosum,github.com,github.com,"com,github)/kata-ai/indosum"
604,IITB English-Hindi Corpus,https://www.cfilt.iitb.ac.in/iitb_parallel/,/iitb_parallel/,www.cfilt.iitb.ac.in,iitb.ac.in,"in,ac,iitb,cfilt)/iitb_parallel"
606,Catalan Textual Corpus,https://zenodo.org/record/4519349,/record/4519349,zenodo.org,zenodo.org,"org,zenodo)/record/4519349"
608,Radio Publique Africaine,https://www.rpa.bi/,/,www.rpa.bi,rpa.bi,"bi,rpa)/"
609,Indonesian News Corpus,https://data.mendeley.com/,/,data.mendeley.com,mendeley.com,"com,mendeley,data)/"
610,LIHKG,https://lihkg.com/category/1,/category/1,lihkg.com,lihkg.com,"com,lihkg)/category/1"
611,Offenseval Dravidian,https://huggingface.co/,/,huggingface.co,huggingface.co,"co,huggingface)/"
612,MERLOT Collection,https://info.merlot.org,,info.merlot.org,merlot.org,"org,merlot,info)/"
613,VilaQuAD: an extractive QA dataset from Catalan newswire,https://zenodo.org/record/4761430,/record/4761430,zenodo.org,zenodo.org,"org,zenodo)/record/4761430"
614,Biblioteca Nacional Mariano Moreno,https://www.bn.gov.ar/,/,www.bn.gov.ar,bn.gov.ar,"ar,gov,bn)/"
615,Parallel Corpora Indian Languages,http://preon.iiit.ac.in/~jerin/bhasha/,/~jerin/bhasha/,preon.iiit.ac.in,iiit.ac.in,"in,ac,iiit,preon)/~jerin/bhasha"
617,A Million News Headlines ABC Australia,https://www.kaggle.com/,/,www.kaggle.com,kaggle.com,"com,kaggle)/"
619,Australian Twittersphere,https://www.qut.edu.au/,/,www.qut.edu.au,qut.edu.au,"au,edu,qut)/"
620,Tokikom Zero kilometroko komunikazioa,https://tokikom.eus/,/,tokikom.eus,tokikom.eus,"eus,tokikom)/"
621,Catalan General Crawling,https://zenodo.org/record/4636228,/record/4636228,zenodo.org,zenodo.org,"org,zenodo)/record/4636228"
622,Global Voices Swahili,https://sw.globalvoices.org/,/,sw.globalvoices.org,globalvoices.org,"org,globalvoices,sw)/"
623,TECA: Textual Entailment Catalan dataset,https://zenodo.org/record/4761458,/record/4761458,zenodo.org,zenodo.org,"org,zenodo)/record/4761458"
624,Basque language radio,https://euskalirratiak.eus/,/,euskalirratiak.eus,euskalirratiak.eus,"eus,euskalirratiak)/"
625,Museo Casa de la Memoria,https://www.museocasadelamemoria.gov.co/en/,/en/,www.museocasadelamemoria.gov.co,museocasadelamemoria.gov.co,"co,gov,museocasadelamemoria)/en"
627,ACALAN African Academy of Languages,https://acalan-au.org/,/,acalan-au.org,acalan-au.org,"org,acalan-au)/"
628,51 Hani Stories in both Hani and English,https://whitelotusbooks.com/,/,whitelotusbooks.com,whitelotusbooks.com,"com,whitelotusbooks)/"
629,zientzia kaiera,https://zientziakaiera.eus/,/,zientziakaiera.eus,zientziakaiera.eus,"eus,zientziakaiera)/"
630,Gaceta del Congreso - Colombia,http://svrpubindc.imprenta.gov.co/senado/,/senado/,svrpubindc.imprenta.gov.co,imprenta.gov.co,"co,gov,imprenta,svrpubindc)/senado"
633,HiTZ zentroa,https://www.hitz.eus/,/,www.hitz.eus,hitz.eus,"eus,hitz)/"
635,berria,https://www.berria.eus/,/,www.berria.eus,berria.eus,"eus,berria)/"
637,magazine in Basque,https://www.argia.eus/,/,www.argia.eus,argia.eus,"eus,argia)/"
638,Global Voices,https://globalvoices.org/,/,globalvoices.org,globalvoices.org,"org,globalvoices)/"
640,Indonesian News Articles 2017,:///,:///,,,http:/
641,Global Voices Spanish,https://es.globalvoices.org/,/,es.globalvoices.org,globalvoices.org,"org,globalvoices,es)/"
642,Semantic Textual Similarity in Catalan,https://zenodo.org/record/4761434,/record/4761434,zenodo.org,zenodo.org,"org,zenodo)/record/4761434"
643,Zientzia.eus,https://zientzia.eus/,/,zientzia.eus,zientzia.eus,"eus,zientzia)/"
644,HAL archives ouvertes,https://hal.archives-ouvertes.fr/,/,hal.archives-ouvertes.fr,archives-ouvertes.fr,"fr,archives-ouvertes,hal)/"
645,ViquiQuAD: an extractive QA dataset from Catalan Wikipedia,https://zenodo.org/record/4761412,/record/4761412,zenodo.org,zenodo.org,"org,zenodo)/record/4761412"
648,TSAC,https://github.com/fbougares/TSAC,/fbougares/TSAC,github.com,github.com,"com,github)/fbougares/tsac"
649,Bibliothèque nationale de France,https://www.bnf.fr/fr,/fr,www.bnf.fr,bnf.fr,"fr,bnf)/fr"
651,Galileo Open Learning Materials,https://oer.galileo.usg.edu/,/,oer.galileo.usg.edu,usg.edu,"edu,usg,galileo,oer)/"
652,HathiTrust Digital Library,https://www.hathitrust.org/,/,www.hathitrust.org,hathitrust.org,"org,hathitrust)/"
653, British Library Hertiage Made Digital Newspapers,https://bl.iro.bl.uk/,/,bl.iro.bl.uk,bl.uk,"uk,bl,iro,bl)/"
655,BBC Hausa,https://www.bbc.com/hausa,/hausa,www.bbc.com,bbc.com,"com,bbc)/hausa"
656,Editora Trinta Nove Mozambique,https://www.africanbookscollective.com/,/,www.africanbookscollective.com,africanbookscollective.com,"com,africanbookscollective)/"
657,Care Opinion UK,https://www.careopinion.org.uk/,/,www.careopinion.org.uk,careopinion.org.uk,"uk,org,careopinion)/"
658,Biblioteca Universidad de los Andes,https://biblioteca.uniandes.edu.co/,/,biblioteca.uniandes.edu.co,uniandes.edu.co,"co,edu,uniandes,biblioteca)/"
659,Theses on Line,https://tel.archives-ouvertes.fr/,/,tel.archives-ouvertes.fr,archives-ouvertes.fr,"fr,archives-ouvertes,tel)/"
660,ekantipur.com,https://ekantipur.com/,/,ekantipur.com,ekantipur.com,"com,ekantipur)/"
661,Data on COVID-19 News Coverage in Vietnam,https://www.mdpi.com/,/,www.mdpi.com,mdpi.com,"com,mdpi)/"
662,African Journals Online,https://www.ajol.info/index.php/ajol,/index.php/ajol,www.ajol.info,ajol.info,"info,ajol)/index.php/ajol"
664,African Minds publisher,https://www.africanminds.co.za/,/,www.africanminds.co.za,africanminds.co.za,"za,co,africanminds)/"
666,Wikimedia Foundation,https://wikimediafoundation.org/,/,wikimediafoundation.org,wikimediafoundation.org,"org,wikimediafoundation)/"
667,bhaskar,https://www.bhaskar.com/,/,www.bhaskar.com,bhaskar.com,"com,bhaskar)/"
668,VietAI - Style Augmented Translation,https://github.com/vietai/sat,/vietai/sat,github.com,github.com,"com,github)/vietai/sat"
669,africanlp zenodo,https://zenodo.org/,/,zenodo.org,zenodo.org,"org,zenodo)/"
670,Vietnam Thu Quan Corpus (Big),http://viet.jnlp.org/,/,viet.jnlp.org,jnlp.org,"org,jnlp,viet)/"
671,African Union website,https://au.int/,/,au.int,au.int,"int,au)/"
672,Global Voices Portuguese,https://pt.globalvoices.org/,/,pt.globalvoices.org,globalvoices.org,"org,globalvoices,pt)/"
673,webteb,https://www.webteb.com/,/,www.webteb.com,webteb.com,"com,webteb)/"
674,DuReader,https://ai.baidu.com/,/,ai.baidu.com,baidu.com,"com,baidu,ai)/"
675,El Espectador,https://www.elespectador.com/,/,www.elespectador.com,elespectador.com,"com,elespectador)/"
678,Biblioteca Universidad Nacional de Colombia,https://bibliotecas.unal.edu.co/,/,bibliotecas.unal.edu.co,unal.edu.co,"co,edu,unal,bibliotecas)/"
680,MALINDOMorph: Morphological dictionary and analyser for Malay/Indonesian,chrome-extension://efaidnbmnnnibpcajpcglclefindmkaj,,efaidnbmnnnibpcajpcglclefindmkaj,,efaidnbmnnnibpcajpcglclefindmkaj)/
682,Central News Agency of Taiwan,https://focustaiwan.tw/aboutus,/aboutus,focustaiwan.tw,focustaiwan.tw,"tw,focustaiwan)/aboutus"
683,The Stacks Project,https://stacks.math.columbia.edu/,/,stacks.math.columbia.edu,columbia.edu,"edu,columbia,math,stacks)/"
685,AfricArXiv research article collection on 'African Languages',https://www.scienceopen.com/,/,www.scienceopen.com,scienceopen.com,"com,scienceopen)/"
686,Creative Commons,https://creativecommons.org/,/,creativecommons.org,creativecommons.org,"org,creativecommons)/"
689,ABC Australia,https://www.abc.net.au/,/,www.abc.net.au,abc.net.au,"au,net,abc)/"
692,The brWaC Corpus: A New Open Resource for Brazilian Portuguese,https://www.inf.ufrgs.br/pln,/pln,www.inf.ufrgs.br,ufrgs.br,"br,ufrgs,inf)/pln"
695,OdiEnCorp2.0,https://lindat.mff.cuni.cz/,/,lindat.mff.cuni.cz,cuni.cz,"cz,cuni,mff,lindat)/"
696,OER Commons,https://www.oercommons.org/,/,www.oercommons.org,oercommons.org,"org,oercommons)/"
697,LibreTexts,https://libretexts.org/,/,libretexts.org,libretexts.org,"org,libretexts)/"
